Title,URL,Description,Rating
The Shawshank Redemption,https://www.imdb.com/title/tt0111161/,"A banker convicted of uxoricide forms a friendship over a quarter century with a hardened convict, while maintaining his innocence and trying to remain hopeful through simple compassion.",9.3
The Godfather,https://www.imdb.com/title/tt0068646/,The aging patriarch of an organized crime dynasty transfers control of his clandestine empire to his reluctant son.,9.2
The Dark Knight,https://www.imdb.com/title/tt0468569/,"When a menace known as the Joker wreaks havoc and chaos on the people of Gotham, Batman, James Gordon and Harvey Dent must work together to put an end to the madness.",9.0
The Godfather Part II,https://www.imdb.com/title/tt0071562/,"The early life and career of Vito Corleone in 1920s New York City is portrayed, while his son, Michael, expands and tightens his grip on the family crime syndicate.",9.0
12 Angry Men,https://www.imdb.com/title/tt0050083/,The jury in a New York City murder trial is frustrated by a single member whose skeptical caution forces them to more carefully consider the evidence before jumping to a hasty verdict.,9.0
The Lord of the Rings: The Return of the King,https://www.imdb.com/title/tt0167260/,Gandalf and Aragorn lead the World of Men against Sauron&apos;s army to draw his gaze from Frodo and Sam as they approach Mount Doom with the One Ring.,9.0
Schindler&apos;s List,https://www.imdb.com/title/tt0108052/,"In German-occupied Poland during World War II, industrialist Oskar Schindler gradually becomes concerned for his Jewish workforce after witnessing their persecution by the Nazis.",9.0
Pulp Fiction,https://www.imdb.com/title/tt0110912/,"The lives of two mob hitmen, a boxer, a gangster and his wife, and a pair of diner bandits intertwine in four tales of violence and redemption.",8.9
The Lord of the Rings: The Fellowship of the Ring,https://www.imdb.com/title/tt0120737/,A meek Hobbit from the Shire and eight companions set out on a journey to destroy the powerful One Ring and save Middle-earth from the Dark Lord Sauron.,8.9
"Il buono, il brutto, il cattivo",https://www.imdb.com/title/tt0060196/,A bounty-hunting scam joins two men in an uneasy alliance against a third in a race to find a fortune in gold buried in a remote cemetery.,8.8
